{
    "computed_metrics": {
        "image_height": 143,
        "image_width": 191,
        "image_center": [
            95.5,
            71.5
        ],
        "spot_position_in_pixels": [
            95.30773071182253,
            74.49357489663218
        ],
        "results": {
            "position": [
                -0.1922692881774708,
                2.9935748966321825
            ],
            "std": [
                23.79843840108598,
                22.713466760611304
            ],
            "dispersion": [
                566.3656703302839,
                515.9015722853945
            ]
        }
    }
}